week	type	title	by	date	tracks	len_raw	len_fmt
1	Movie	劇場総集編ぼっち・ざ・ろっく！ Re:				?	?
1	Movie	劇場総集編ぼっち・ざ・ろっく！ Re:Re:				?	?
2	Anime	ノワール				?	?
2	Album	All For You	Stevie Hoang		14	49min19s	49:19
2	Album	周杰倫的床邊故事	周杰倫		10	(37+⅚+⅒)min	(37+⅚+⅒)min
2	Album	最偉大的作品	周杰倫		12	(44+⅖-⅙·⅒)min	(44+⅖-⅙·⅒)min
2	Album	不良少年	徐良		10	35min45s	35:45
2	Album	F.I.R.	F.I.R.		13	49min47s	49:47
2	Album	花花宇宙	陈慧琳		11	42min16s	42:16
2	Single	Red Liberation	fripSide		4	18min4s	18:04
2	Single	マイクロレボリューション	TrySail		4	15min2s	15:02
2	Single	君じゃなきゃダメみたい	オーイシマサヨシ（大石昌良）		4	15min29s	15:29
2	Single	ウラオモテ・フォーチュン	佐倉千代（CV.小澤亜李）		4	15min56s	15:56
2	Single	動く、動く	チト（CV.水瀬いのり）、ユーリ（CV.久保ユリカ）		4	16min58s	16:58
2	Single	More One Night	チト（CV.水瀬いのり）、ユーリ（CV.久保ユリカ）		4	15min58s	15:58
2	Single	ブループリント	ナナヲアカリ		1	3min30s	3:30
2	Compilation	HARDCORE SYNDROME 14	HARDCORE TANO*C		15	59min	59:00
2	Compilation	HARDCORE SYNDROME 15	HARDCORE TANO*C		14	56min	56:00
2	Compilation	HARDCORE SYNDROME 16	HARDCORE TANO*C		14	52min11s	52:11
2	Compilation	HARDCORE SYNDROME 17	HARDCORE TANO*C		14	48min35s	48:35
2	Compilation	HARDCORE SYNDROME 18	HARDCORE TANO*C		14	44min8s	44:08
3	Anime	くまクマ熊ベアーぱーんち！				?	?
3	Single	ブループリント (Special Edition)	ナナヲアカリ		5	约17min	约17:00
3	Single	Daydream café	Petit Rabbit's		12	16min21s	16:21
3	Single	ぽっぴんジャンプ♪	チマメ隊		5	约20min	约20:00
3	Single	ノーポイッ!	Petit Rabbit's		9	约38min	约38:00
3	Single	ときめきポポロン♪	チマメ隊		7	约30min	约30:00
3	Single	天空カフェテリア	Petit Rabbit's		9	35min	35:00
3	Single	なかよし！○！なかよし！	チマメ隊		7	25min	25:00
3	Single	セカイがカフェになっちゃった!	Petit Rabbit's with beans		6	约25min	约25:00
3	Single	しんがーそんぐぱやぽやメロディー	Petit Rabbit's with beans		11	约46min	约46:00
3	Single	ふ･れ･ん･ど･し･た･い	学園生活部		4	16min32s	16:32
3	Single	ハーモナイズ・クローバー/アフターグロウ	黑崎真音		6	约30min	约30:00
3	Single	TVアニメ「がっこうぐらし!」キャラクターソング①	由紀&美紀		4	约15min	约15:00
3	Single	TVアニメ「がっこうぐらし!」キャラクターソング②	胡桃&悠里		4	16min10s	16:10
3	Single	TVアニメ「がっこうぐらし!」キャラクターソング③	悠里&由紀		4	14min32s	14:32
3	Single	TVアニメ「がっこうぐらし!」キャラクターソング④	美紀&胡桃		4	16min28s	16:28
3	Compilation	HARDCORE SYNDROME 19	HARDCORE TANO*C		14	45min29s	45:29
3	Compilation	IRREGULAR NATION 2	HARDCORE TANO*C		12	52min39s	52:39
3	Compilation	IRREGULAR NATION 3	HARDCORE TANO*C		12	57min17s	57:17
3	Compilation	IRREGULAR NATION 4	HARDCORE TANO*C		12	约1h	约1:00:00
3	OST	魔法少女ノ魔女裁判 コンプリートオリジナルサウンドトラック			60	14223s	3:57:03
3	OST	NOIR ORIGINAL SOUNDTRACK I			18	55min43s	55:43
3	OST	NOIR ORIGINAL SOUNDTRACK II			19	约1h	约1:00:00
3	OST	「NOIR」blanc dans NOIR～黒の中の白～			17	54min10s	54:10
3	OST	ぼっち・ざ・ろっく! オリジナルサウンドトラックvol.1			30	30min32s	30:32
3	OST	ぼっち・ざ・ろっく! オリジナルサウンドトラックvol.2			23	40min31s	40:31
4	Anime	ご注文はうさぎですか？ BLOOM				?	?
4	Movie	超かぐや姫！				?	?
4	Album	初音ミクの消失	cosMo@暴走P		14	3679s	1:01:19
4	Album	少女と夢人形	Ripple Tale	2004-10-09	5	约35min	约35:00
4	Single	staple stable & あとがたり			3	3042s	50:42
4	Single	帰り道 & あとがたり			3	2920s	48:40
4	Single	ambivalent world & あとがたり			3	3142s	52:22
4	Single	恋愛サーキュレーション & あとがたり			3	3264s	54:24
4	Single	月光/街	Vivid BAD SQUAD		4	约15min	约15:00
4	Single	STAGE OF SEKAI/Peaky Peaky	Leo/need		4	约14min	约14:00
4	Single	オーダーメイド/てらてら	Leo/need		4	15min14s	15:14
4	Single	イフ/パラソルサイダー	MORE MORE JUMP!		4	14min14s	14:14
4	Single	88☆彡/星空のメロディー	ワンダーランズ×ショウタイム		4	约12min	约12:00
4	Single	虚ろを扇ぐ/仮死化	Vivid BAD SQUAD		4	约15min	约15:00
4	Single	Voices/the WALL	Leo/need		4	14min20s	14:20
4	Single	DREAM PLACE/フロート・プランナー	MORE MORE JUMP!		4	16min18s	16:18
4	Single	君の夜をくれ/Iなんです	25時、ナイトコードで。		4	12min38s	12:38
4	Single	どんな結末がお望みだい？/星空オーケストラ	ワンダーランズ×ショウタイム		4	约13min	约13:00
4	Cover	からかい上手の高木さん Cover Song Collection	高橋李依		7	29min43s	29:43
4	Cover	からかい上手の高木さん2 Cover Song Collection	高橋李依		9	38min14s	38:14
4	Compilation	IRREGULAR NATION 5	HARDCORE TANO*C		10	51min	51:00
4	Compilation	IRREGULAR NATION 6	HARDCORE TANO*C		10	41min	41:00
5	Anime	邪神ちゃんドロップキック’				?	?
5	Compilation	IRREGULAR NATION 7	HARDCORE TANO*C		10	41min	41:00
5	Compilation	IRREGULAR NATION 8	HARDCORE TANO*C		10	42min16s	42:16
5	Compilation	IRREGULAR NATION 9	HARDCORE TANO*C		10	37min	37:00
5	OST	Aladdin: Original Motion Picture Soundtrack			21	50min10s	50:10
6	Tokusatsu	ウルトラマンレオ				?	?
6	OST	Relay - ghostpia Season One Original Soundtrack			27	1h10min	1:10:00
6	OST	Cytus II-Paff Original Soundtrack			11	31min43s	31:43
6	OST	Cytus II-Neko Original Soundtrack			12	26min7s	26:07
6	OST	Cytus II-Robo_head Original Soundtrack			11	34min20s	34:20
6	OST	Cytus II-Ivy Original Soundtrack			11	30min2s	30:02
6	OST	Cytus II-Vanessa Original Soundtrack			17	57min53s	57:53
6	OST	Cytus II-Xenon Original Soundtrack			11	39min14s	39:14
6	OST	Cytus II-Cherry Original Soundtrack			21	57min58s	57:58
6	OST	Cytus II-Conner Original Soundtrack			11	23min46s	23:46
6	OST	Cytus II-Joe Original Soundtrack			10	24min49s	24:49
6	OST	Cytus II-Sagar Original Soundtrack			10	32min37s	32:37
6	OST	Cytus II-Rin Original Soundtrack			10	21min58s	21:58
6	OST	Cytus II-Ilka Original Soundtrack			15	37min6s	37:06
6	Album	BOUQUET -Grand Finale-	発熱巫女～ず	2013-08-12	9	38min34s	38:34
6	Album	After the End	a_hisa		7	?	?
6	Album	百鬼夜行	FragileOnline	2004-12-30	34	2h2min53s	2:02:53
6	Album	東方オトハナビ	东方Arrange活跃化大作战、COOL&CREATE	2021-08-14	40	2h56min7s	2:56:07
6	Album	Metamorphose	Cawaii Complex	2018-08-10	8	36min36s	36:36
7	Album	ULTIMATE HAPPY CARNIVAL	DJ Genki		18	56min51s	56:51
7	Compilation	HARDCORE UTOPIA			12	41min	41:00
7	Compilation	HARDCORE UTOPIA 2			20	86min	1:26:00
7	Compilation	HARDCORE UTOPIA 3			21	92min25s	1:32:25
7	Compilation	HARDCORE UTOPIA 4			26	120min36s	2:00:36
8	Anime	わたしが恋人になれるわけないじゃん、ムリムリ！（※ムリじゃなかった!?）〜ネクストシャイン！〜				?	?
8	Anime	私の推しは悪役令嬢。				?	?
8	Anime	タコピーの原罪				?	?
8	Album	VSQ Performs Lady Gaga	Vitamin String Quartet		11	37min	37:00
8	Album	Selentia	Sakuzyo		17	49min12s	49:12
8	Album	L'aventale	Sakuzyo		15	43min34s	43:34
8	Album	fairythm	Sakuzyo		12	41min	41:00
9	Anime	魔法少女にあこがれて				?	?
9	Album	相愛性理論	DECO*27		18	66min	1:06:00
9	Album	The Romantic	Bruno Mars		9	31min30s	31:30
9	EP	FREE YOUR MIND	flumpool		4	18min20s	18:20
14	Anime	リコリス・リコイル				?	?
14	Single	TVアニメ『アズールレーン』キャラクターソングシングル Vol.1 エンタープライズ	エンタープライズ（CV.石川由依）		4	17min38s	17:38
14	Single	TVアニメ『アズールレーン』キャラクターソングシングル Vol.2 ラフィー	ラフィー（CV.長縄まりあ）		4	16min16s	16:16
14	Single	TVアニメ『アズールレーン』キャラクターソングシングル Vol.3 ジャベリン	ジャベリン（CV.山根希美）		4	16min38s	16:38
14	Single	TVアニメ『アズールレーン』キャラクターソングシングル Vol.4 綾波	綾波（CV.大地葉）		4	19min10s	19:10
14	Single	TVアニメ『アズールレーン』キャラクターソングシングル Vol.5 Z23	Z23（CV.阿部里果）		4	16min6s	16:06
14	Single	TVアニメ『アズールレーン』キャラクターソングシングル Vol.6 ユニコーン	ユニコーン（CV.加隈亜衣）		4	16min50s	16:50
14	Single	TVアニメ『アズールレーン』キャラクターソングシングル Vol.7 クリーブランド	クリーブランド（CV.堀籠沙耶）		4	16min54s	16:54
14	Single	TVアニメ『アズールレーン』キャラクターソングシングル Vol.8 加賀	加賀（CV.茅野愛衣）		4	15min48s	15:48
14	Single	TVアニメ『アズールレーン』キャラクターソングシングル Vol.9 赤城	赤城（CV.中原麻衣）		4	17min38s	17:38
14	Single	TVアニメ『アズールレーン』キャラクターソングシングル Vol.10 ベルファスト	ベルファスト（CV.堀江由衣）		4	15min42s	15:42
14	Single	TVアニメ『アズールレーン』バディキャラクターソングシングル Vol.1 プリンツ・オイゲン、プリンス・オブ・ウェールズ	プリンツ・オイゲン（CV:佐倉綾音）、プリンス・オブ・ウェールズ（CV:橋本ちなみ）		4	19min49s	19:49
14	Single	TVアニメ『アズールレーン』バディキャラクターソングシングル Vol.2 クイーン・エリザベス & ウォースパイト	クイーン・エリザベス & ウォースパイト（CV.上坂すみれ）		4	21min29s	21:29
14	Single	TVアニメ『アズールレーン』バディキャラクターソングシングル Vol.3 クリーブランド四姉妹	クリーブランド四姉妹		4	20min14s	20:14
14	Single	TVアニメ『アズールレーン』バディキャラクターソングシングル Vol.4 愛宕 & 高雄	愛宕 & 高雄		4	20min38s	20:38
14	Single	TVアニメ『アズールレーン』バディキャラクターソングシングル Vol.5 企业 & 赤城	企业 & 赤城		4	20min	20:00
14	Album	RE-ESSENCE	Sound Online	2004-12-30	13	1h7min40s	1:07:40
14	Album	Pre-Clsade	Levo Lution	2004-12-30	9	58min23s	58:23
14	Album	桜幻樂典 ～ Fantasic record of Cherry-blossom	Sensitive Heart	2004-10-09	7	28min13s	28:13
14	Album	月下狂爛	LOVEマシーン	2004-10-10	9	46min39s	46:39
14	Album	Moonlit Fragments	Colorful Cube	2004-12-30	9	30min	30:00
14	Album	Over the sky	LOVEマシーン	2004-12-30	11	1h10min27s	1:10:27
14	Album	Phantasmagoria	Whisper Records	2004-12-30	8	39min52s	39:52
14	Album	Voyager ～ 東方仙戯曲	WAVE	2004-12-30	12	51min39s	51:39
14	Album	rebirth	sound sepher	2004-12-30	5	15min27s	15:27
14	Album	えとせとら ~ESTi's Temporary Collection~	ESTi	2004-12-30	8	21min51s	21:51
14	Album	東方サティスファクション	NeuzKraft	2004-12-30	9	36.38min	36:23
14	Single	ひつじがいっぴき/下剋上	Vivid BAD SQUAD	2023-10-25	4	11.33min	11:20
14	Single	ザムザ/キティ	25時、ナイトコードで。	2023-11-08	4	14min	14:00
14	Single	Flyway/相生	Leo/need	2023-11-22	4	15min	15:00
14	Single	私は、私達は/ももいろの鍵	MORE MORE JUMP!	2023-12-06	4	46.77min	46:46
14	Single	Mr. Showtime/箱庭のコラル	ワンダーランズ×ショウタイム	2023-12-20	4	15.93min	15:56
14	Single	チームメイト/はぐ	MORE MORE JUMP!	2024-05-15	4	14.2min	14:12
14	Single	演劇/25時の情熱	25時、ナイトコードで。	2024-05-29	4	18.38min	18:23
14	Single	星を繋ぐ/purpose	Leo/need	2024-06-12	4	14.05min	14:03
14	Single	キラピピ★キラピカ/フィラメントフィーバー	ワンダーランズ×ショウタイム	2024-06-26	4	15.77min	15:46
14	Compilation	Diverse Style from "B"	Diverse System		8	31min53s	31:53
14	Compilation	Diverse Style from "B" 2nd style.	Diverse System		8	34min26s	34:26
14	Compilation	Diverse Style from "B" 1st & 2nd	Diverse System		16	62min44s	1:02:44
14	Compilation	Diverse Style from "B" 3rd style [Normal]	Diverse System		11	55min55s	55:55
14	Compilation	Diverse Style from "B" 3rd style [Versus]	Diverse System		10	44min22s	44:22
14	Compilation	Diverse Style from "B" 4th style	Diverse System		17	72min38s	1:12:38
14	Compilation	Diverse Style from "B" 5th style	Diverse System		25	2h22min50s	2:22:50
14	Compilation	Diverse Style from "B" 6th style	Diverse System		13	57min58s	57:58
14	Compilation	Dear,Mr.180	Diverse System		7	26min13s	26:13
14	Compilation	Side-C	Diverse System		13	66min	1:06:00
14	Compilation	Diverse System Original ＃1	Diverse System		14	65min7s	1:05:07
14	Compilation	Diverse System Original ＃2	Diverse System		12	61min26s	1:01:26
14	Compilation	Diverse System Original ＃3	Diverse System		11	61min14s	1:01:14
14	Compilation	IRREGULAR NATION 10	HARDCORE TANO*C		10	35min29s	35:29
14	Compilation	IRREGULAR NATION 11	HARDCORE TANO*C		10	34min	34:00
14	Compilation	Bright Colors 3	HARDCORE TANO*C		14	61min11s	1:01:11
14	Compilation	Bright Colors 4	HARDCORE TANO*C		13	54min56s	54:56
14	Compilation	Bright Colors 5	HARDCORE TANO*C		12	48min15s	48:15
14	Compilation	Bright Colors 6	HARDCORE TANO*C		10	35min	35:00
14	EP	最高	Higher Brothers		4	14min23s	14:23
14	OST	Dinosaur	James Newton Howard		16	51min54s	51:54
14	OST	化物語 音楽全集 Songs & Soundtracks			70	7756s	2:09:16
14	Album	fiction	しぐれうい		9	32min8s	32:08
14	Album	DIORAMA	DJ Okawari	2008-05-28	14	54min33s	54:33
14	Album	MIRROR	DJ Okawari	2009-06-24	11	43min43s	43:43
14	Album	Kaleidoscope	DJ Okawari	2011-07-13	13	56.4min	56:24
14	Album	Petrichor	花鋏キョウ	2021-09-01	11	36.88min	36:53
14	Album	太陽之子	周杰倫	2026-03-24	13	48.47min	48:28
14	Album	secare	z²	2024-06-22	8	21.45min	21:27
14	Album	Thriller	Michael Jackson	1982-11-30	9	42min	42:00
14	Cover	「からかい上手の高木さん３＆劇場版」Cover Song Collection	高木さん（CV：高橋李依）		12	52min34s	52:34
14	Compilation	HARDCORE UTOPIA 5		2023-12-22	29	2h6min	2:06:00
14	Compilation	SINSEKAI STUDIO SAMPLER Vol.1	SINSEKAI RECORD	2022-12-30	13	40min33s	40:33
17	Album	東方ストライク	COOL&CREATE	2004-12-30	12	48.82min	48:49
17	Album	東方幻樂編曲集第二集 舞-MAI-	Alstroemeria Records	2004-12-30	10	47.27min	47:16
17	Album	2000	z²	2026-01-03	8	21.03min	21:02
17	Album	卒業あるばむ	学園生活部	2015-10-28	8	1929s	32:09
17	Album	Yan Zi	孙燕姿	2000-06-08	10	41.2min	41:12
17	Album	南拳妈妈的夏天	南拳妈妈	2004-05-12	11	2713s	45:13
17	Album	Cheerful 77Degree Rise	ななひら	2010-08-14	10	2430s	40:30
17	Album	E-SIDE 4	YOASOBI	2026-04-24	9	1942s	32:22
17	Single	irony	ClariS	2010-10-20	4	984s	16:24
17	Single	コネクト	ClariS	2011-02-02	4	1068s	17:48
17	Single	only my railgun	fripSide	2009-11-04	4	1247s	20:47
17	Single	LEVEL5 -judgelight-	fripSide	2010-02-17	4	1129s	18:49
17	Single	future gazer	fripSide	2010-10-13	4	1085s	18:05
17	Single	Heaven is a Place on Earth	fripSide	2011-08-24	4	1236s	20:36
17	Single	メモリーズ・ラスト	黒崎真音	2011-03-02	4	1091s	18:11
17	Single	魔・カ・セ・テ Tonight	野水伊織	2011-02-09	4	950s	15:50
17	Single	気づいてゾンビさま、私はクラスメイトです	山口理恵 with manzo	2011-02-09	6	1663s	27:43
17	Single	*** パショナート	野水伊織	2012-04-25	4	17min	17:00
17	Single	恋のビギナーなんです (T_T)	山口理恵		6	1705s	28:25
17	Single	STARCAMP EP	水樹奈々	2008-02-06	4	1061s	17:41
17	Single	Trickster	水樹奈々	2008-10-01	3	734s	12:14
17	Single	青い栞	Galileo Galilei	2011-06-15	3	998s	16:38
17	Single	secret base ～君がくれたもの～	本间芽衣子&安城鸣子&鹤见知利子	2011-04-27	4	1264s	21:04
17	Single	Happy Girl	喜多村英梨	2011-08-10	4	973s	16:13
17	Single	Coloring	堀江由衣	2012-01-18	4	946s	15:46
17	Single	PARTY PLAY	野川さくら	2009-05-27	4	1022s	17:02
17	Single	果てしない世界	YMCK	2009-08-26	1	215s	3:35
17	Single	塞尘のパンドラ	野川さくら	2009-08-05		s	s
17	Single	LEVEL∞	長谷川明子	2009-08-05	6	1898s	31:38
17	Single	KURENAI	宮崎羽衣	2007-11-21	4	1122s	18:42
17	Single	Erinyes	BETTA FLASH	2007-11-21	4	1405s	23:25
17	Single	First kiss	ICHIKO	2006-07-23	4	976s	16:16
17	Single	ホントノキモチ	ルイズ(CV：釘宮理恵)	2006-08-09	4	1048s	17:28
17	Single	I SAY YES	ICHIKO	2007-07-25	4	928s	15:28
17	Single	スキ? キライ!? スキ!!!	ルイズ(CV：釘宮理恵)	2007-08-08	4	1150s	19:10
19	Album	0181	00110100 01010100	2013-01-15	16	2280 s	38:00
19	Album	871	00110100 01010100	2020-12-25	20	3900 s	1:05:00
19	Album	東方乙女囃子	IOSYS	2006-08-13	12	45.65 min	45:39
21	Anime	やがて君になる				?	?
22	OST	Titanic: Music from the Motion Picture Soundtrack	James Horner	1997-11-18	15	4351 s	1:12:31
22	OST	Jumanji: Original Motion Picture Soundtrack	James Horner	1995-11-21	13	51 min	51:00
22	EP	Calling	Plum	2021-09-13	9	1637 s	27:17
22	Album	Fragment of Eden	Plum	2021-09-13	18	3780 s	1:03:00
22	Album	Harmonic Puzzle	Plum	2021-09-13	18	3569 s	59:29
22	Album	Melody From Sky	Plum	2021-09-13	15	3060 s	51:00
22	Album	Musicbox 24/7 (Side AM)	Plum	2021-09-13	12	2340 s	39:00
22	Album	Musicbox 24/7 (Side PM)	Plum	2021-09-13	12	1800 s	30:00
22	Live	HIMEHINA LIVE 2022『藍の華』	HIMEHINA	2024-04-26	32	6300 s	1:45:00
22	Live	HIMEHINA LIVE 2022『キルカと歌う希望』	HIMEHINA	2024-04-26	38	7260 s	2:01:00
22	Tokusatsu	ウルトラマン 80				?	?
22	Album	Cottage Rain	Whispering Landscapes	2021-01-15	12	24min	24:00
22	Album	Frozen Streams	Whispering Landscapes	2021-02-01	12	26min	26:00
22	Album	2号餐	南拳妈妈	2005-08-12	12	2897s	48:17
22	Live	HIMEHINA LIVE 2023『提灯暗航、夏をゆく』	HIMEHINA	2024-04-26	39	7620s	2:07:00
22	Live	HIMEHINA LIVE 2024『涙の薫りがする』	HIMEHINA	2026-03-13	41	7440s	2:04:00
22	Album	Kick's For Liberation	USAO	2009-05-05	13	4160s	1:09:20
23	Compilation	AD:Nearly 130	Diverse System	2009-10-11	9	3400s	56:40
23	Album	女生宿舍	S.H.E	2001-09-11	10	2520s	42:00
23	Album	青春株式会社	S.H.E	2002-01-29	10	2404s	40:04
23	Album	美丽新世界	S.H.E	2002-08-05	10	2520s	42:00
23	Album	Please Please Me	The Beatles	1963-03-22	14	1919s	31:59
23	Compilation	AD:Nearly 140	Diverse System	2010-10-31	12	4090s	1:08:10
23	Album	Kick's For Liberation 2	USAO	2010-10-31	11	3351s	55:51
23	Album	Kick's For Liberation 3	USAO	2011-10-30	8	2060s	34:20
23	Compilation	AD:Nearly 180	Diverse System	2011-05-01	13	3692 s	1:01:32
23	Anime	BIRDIE WING -Golf Girls' Story-				?	?
23	Album	乐行者	林俊杰	2003-04-10	11	2469 s	41:09
24	Album	Fahrenheit	飞轮海	2006-09-15	11	2962 s	49:22
24	Album	第二天堂	林俊杰	2004-06-04	15	3617s	1:00:17
24	Anime	BIRDIE WING -Golf Girls' Story- Season 2				?	?
